Feature,Coefficient
User_Score,5.262872324687647
Global_Sales,0.5448439746172974
Year_of_Release,0.168194503709245
Critic_Count,0.15135610617400658
User_Count,0.0035954758402540754
