Feature,Coefficient
helpful,0.37479341992413906
funny,-0.3246191146276466
hours,-0.14595107410564243
days_since_review,0.022450878503945088
