Feature,Importance
is_recommended,0.5974773601364782
helpful,0.21009446759459877
funny,0.11678692414075008
day_of_week,0.06855598060838744
is_weekend,0.007085267519785551
