Feature,Importance
Price,0.5326306524099216
achievements,0.27638464590171175
positive_ratio,0.17562117931317325
genre_enc,0.009183223610127848
platform_count,0.006180298765065694
