Feature,Coefficient
platform_count,0.17648181806384314
Price,0.08154993153371834
genre_enc,-0.07598235753119752
Required_Age,-0.05243242077268497
Achievements,-0.03827380762298784
