Feature,Coefficient
positive_ratio,-22.23009257978329
is_indie (Indie=1),-2.0019450448864298
genre_enc,-0.3680738356843797
Achievements,0.00612422956977975
release_year,3.552713678800501e-15
